"難度","關卡編號","主題","關卡名稱","題目類型","題目ID","題次","題目","選項A","選項B","選項C","選項D","正確選項","正確答案文字","解析","提示","選項A回饋","選項B回饋","選項C回饋","選項D回饋","教材單元","印刷頁碼","來源標籤","學習主題編號","學習目標"
"初階","1","個資守護","個資小盾牌","主要挑戰","V2L01Q01","1","AI 想幫你找故事，哪一項和找故事沒有關係？","喜歡冒險故事","家裡的完整住址","想看短一點的故事","喜歡動物主角","B","家裡的完整住址","只提供任務需要的資料。找故事可以用興趣，不用交出住址。","想一想：找故事需要知道你住哪裡嗎？","故事興趣可以幫忙推薦。","答對！找故事不需要你家的住址。","故事長度和找故事有關。","主角喜好可以幫忙推薦。","7、9、14、17","65、79–84、149、173","倫理延伸","1","只給任務需要的資料，密碼不交出去。"
"初階","1","個資守護","個資小盾牌","主要挑戰","V2L01Q02","2","AI 說輸入帳號密碼就送你貼圖，你會怎麼做？","把密碼打進去","問 AI 要送幾張","不輸入，請大人幫忙看","用同學的密碼試試","C","不輸入，請大人幫忙看","不把密碼交給聊天助手或陌生表單，有疑問就找可信任的大人。","密碼像家門鑰匙，不能隨便交出去。","密碼能開啟帳號，不能拿來換貼圖。","先處理密碼安全，貼圖數量不重要。","答對！先保護密碼，再請可信任的大人協助。","同學的密碼也要保護，不能代替自己的。","7、9、14、17","65、79–84、149、173","倫理延伸","1","只給任務需要的資料，密碼不交出去。"
"初階","1","個資守護","個資小盾牌","主要挑戰","V2L01Q03","3","你想把同學的照片放進 AI 做海報，先做什麼？","先問同學和老師是否同意","先上傳，做好再說","只問 AI 可不可以","把照片傳給全班一起試","A","先問同學和老師是否同意","使用別人的照片前，先確認同意和用途。不方便提供時可以改用自己畫的角色。","照片裡的人，知道照片要怎麼用嗎？","答對！照片屬於同學，先確認同意和使用方式。","上傳後資料已經交出去，應先問清楚。","AI 不能代替同學同意。","擴大分享不會解決同意的問題。","7、9、14、17","65、79–84、149、173","倫理延伸","1","只給任務需要的資料，密碼不交出去。"
"初階","1","個資守護","個資小盾牌","主要挑戰","V2L01Q04","4","你只想請 AI 推薦運動，哪句提問較合適？","這是我家的地址，推薦運動","這是我的帳號密碼","這是全班的電話清單","我喜歡戶外，想找簡單運動","D","我喜歡戶外，想找簡單運動","描述運動需求比交出私人資料更合適，也能讓 AI 提供相關建議。","說出興趣和需求就夠了。","推薦運動通常不需要完整住址。","運動建議不需要密碼。","同學電話和推薦運動無關。","答對！說明需要就好，不必交出私人資料。","7、9、14、17","65、79–84、149、173","倫理延伸","1","只給任務需要的資料，密碼不交出去。"
"初階","1","個資守護","個資小盾牌","主要挑戰","V2L01Q05","5","用共用平板和 AI 練習完畢，你會怎麼做？","讓帳號一直開著","依老師指示登出並收好平板","把密碼貼在平板背面","把聊天畫面留給下一位","B","依老師指示登出並收好平板","共用設備用完要依老師指示登出，也不要把密碼留在設備旁。","下一個使用平板的人，會看到什麼？","下一位使用者可能看見你的內容。","答對！登出能避免下一位看到帳號裡的私人內容。","貼出密碼會讓其他人取得帳號。","聊天裡可能有私人內容，不應直接留給別人。","7、9、14、17","65、79–84、149、173","倫理延伸","1","只給任務需要的資料，密碼不交出去。"
"初階","2","答案查證","答案找線索","主要挑戰","V2L02Q01","1","AI 說「蝴蝶有八隻腳」，你會怎麼做？","直接寫進自然作業","請 AI 說得更肯定","查自然課本或請老師確認","覺得句子很順就相信","C","查自然課本或請老師確認","AI 的答案可能有錯。重要知識要和課本或可靠資料核對。","看看自然課本怎麼介紹昆蟲。","答案可能有錯，先找課本核對。","說得肯定不代表說法正確。","答對！用課本的資料核對 AI 的說法。","句子通順不能保證內容正確。","2、3、4、10","24–30、39、99","教材改編＋倫理延伸","2","先查課本或原公告，再使用 AI 的答案。"
"初階","2","答案查證","答案找線索","主要挑戰","V2L02Q02","2","AI 說明天不用上課，但學校沒有公告。先做什麼？","查學校公告或問老師","直接留在家裡","轉傳給同學","讓 AI 再說一次","A","查學校公告或問老師","班級和學校的安排，應查原本的公告或詢問老師。","誰負責公告學校的上課安排？","答對！是否上課要以學校正式訊息確認。","沒有確認公告，可能誤會上課安排。","未查證就轉傳，可能讓更多人誤會。","重複回答不能代替學校公告。","2、3、4、10","24–30、39、99","教材改編＋倫理延伸","2","先查課本或原公告，再使用 AI 的答案。"
"初階","2","答案查證","答案找線索","主要挑戰","V2L02Q03","3","課本寫植物要陽光，AI 卻說完全不用，你會怎麼做？","把課本丟到一旁","兩個答案都直接抄","選字數較多的答案","對照課本，請老師說明差別","D","對照課本，請老師說明差別","遇到不同說法，先對照教材和情境，找老師協助確認。","答案衝突時，先找原本的資料。","資料不同時應核對，不能只因為 AI 新就相信它。","互相衝突的說法需要查清楚。","字數不能決定答案對錯。","答對！找出差別，再請老師協助理解。","2、3、4、10","24–30、39、99","教材改編＋倫理延伸","2","先查課本或原公告，再使用 AI 的答案。"
"初階","2","答案查證","答案找線索","主要挑戰","V2L02Q04","4","AI 把你的名字聽錯了，你會怎麼做？","以後不再說話","指出錯字，重新確認內容","照錯字使用就好","說名字一定是自己記錯","B","指出錯字，重新確認內容","聲音辨識也會出錯。核對文字、指出錯誤，讓工具協助修正。","工具聽到的文字，和你想說的一樣嗎？","工具聽錯不代表你說話有問題。","答對！辨識可能出錯，可以把內容改正。","名字錯了應更正，不必照錯字使用。","AI 的辨識結果不一定正確。","2、3、4、10","24–30、39、99","教材改編＋倫理延伸","2","先查課本或原公告，再使用 AI 的答案。"
"初階","2","答案查證","答案找線索","主要挑戰","V2L02Q05","5","AI 推薦的書名，在圖書館找不到。你會怎麼做？","直接告訴同學一定有這本","認定圖書館一定弄錯","查書目或請館員幫忙核對","把書名改成更好聽的","C","查書目或請館員幫忙核對","AI 可能提供錯誤書名。用圖書館書目或館員協助確認後再推薦。","先確認這本書的名稱和作者。","還沒查到，不能當成已確認的事。","找不到可能有很多原因，先核對書名。","答對！確認書名和作者，不把建議當成保證。","改名字不能確認書是否真的存在。","2、3、4、10","24–30、39、99","教材改編＋倫理延伸","2","先查課本或原公告，再使用 AI 的答案。"
"初階","3","情境分類","用法分一分","主要挑戰","V2L03Q01","1","哪一個是「用 AI 幫助學習」的做法？","請 AI 替我交整份作業","請 AI 解釋難懂的詞，再自己造句","複製 AI 答案，說是自己寫的","考試時偷偷問 AI","B","請 AI 解釋難懂的詞，再自己造句","AI 可以協助理解和練習，自己的思考與完成作業仍很重要。","想想哪個做法保留了自己的練習。","把練習全交給 AI，自己可能沒有學會。","答對！用 AI 理解，再自己練習。","這沒有保留自己的學習，也不誠實。","應遵守考試規則，不偷偷使用工具。","1、8、13、18","16–17、71–73、135–141、183","教材改編＋倫理延伸","3","分清 AI 幫忙、自己練習和請大人協助。"
"初階","3","情境分類","用法分一分","主要挑戰","V2L03Q02","2","哪件事適合先請 AI 給點子，再由你選擇？","決定誰一定是壞同學","要求 AI 保存全班密碼","只聽 AI 就決定不用上課","想三個園遊會攤位名字","D","想三個園遊會攤位名字","想名字等創意任務可用 AI 發想，再依活動需求和老師規則選用。","AI 可以先幫忙想點子，但決定要自己看。","不能靠 AI 的標籤判斷同學。","密碼不應交給聊天助手保存。","學校安排要確認正式公告。","答對！讓 AI 提供名字點子，再自己選。","1、8、13、18","16–17、71–73、135–141、183","教材改編＋倫理延伸","3","分清 AI 幫忙、自己練習和請大人協助。"
"初階","3","情境分類","用法分一分","主要挑戰","V2L03Q03","3","AI 把綠蘋果認成橘子，哪個做法能幫它練習？","補充標記正確的綠蘋果圖片","把綠蘋果都標成橘子","只給它更多紅蘋果","說 AI 永遠不會認錯","A","補充標記正確的綠蘋果圖片","練習資料要有不同樣貌，標記也要正確；補充後還要用新圖片測試。","它有沒有看過標記正確的綠蘋果？","答對！讓它看見不同樣子的蘋果，並確認標記。","錯誤標記會讓辨識更混亂。","只有紅蘋果，仍缺少綠蘋果的線索。","辨識會出錯，需要測試和修正。","1、8、13、18","16–17、71–73、135–141、183","教材改編＋倫理延伸","3","分清 AI 幫忙、自己練習和請大人協助。"
"初階","3","情境分類","用法分一分","主要挑戰","V2L03Q04","4","AI 說小晴不擅長畫畫，就不讓她參加畫畫組。怎麼辦？","大家都聽 AI 的","請 AI 也把小晴排除","問小晴的興趣，請老師一起調整","把小晴的名字改掉再分組","C","問小晴的興趣，請老師一起調整","分組要看同學的興趣和需要，有疑問讓老師協助，不用 AI 標籤貼住一個人。","小晴自己想不想參加呢？","AI 的標籤不應決定誰能參加。","重複排除不會讓分組更公平。","答對！了解本人意願，不靠一個標籤排除。","改名沒有處理分組規則和本人需要。","1、8、13、18","16–17、71–73、135–141、183","教材改編＋倫理延伸","3","分清 AI 幫忙、自己練習和請大人協助。"
"初階","3","情境分類","用法分一分","主要挑戰","V2L03Q05","5","哪件事需要先找老師或家長，不能只聽 AI？","想一個故事主角名字","陌生人要你放學去沒去過的地方","把練習句子改成問句","想三個班級口號","B","陌生人要你放學去沒去過的地方","遇到陌生邀請或安全問題，先找可信任的大人，不能讓 AI 代替大人判斷。","涉及你的安全，需要誰一起幫忙？","創意點子可以先讓 AI 協助，再自己選。","答對！先找可信任的大人確認，保護自己的安全。","語文練習可以使用老師允許的工具。","口號點子可以再由同學和老師選擇。","1、8、13、18","16–17、71–73、135–141、183","教材改編＋倫理延伸","3","分清 AI 幫忙、自己練習和請大人協助。"
"初階","4","深偽查證","聲音影像別急信","主要挑戰","V2L04Q01","1","影片裡校長說明天放假，但只有陌生帳號轉貼。怎麼辦？","看起來像校長就相信","立刻傳給所有同學","查學校公告，向老師確認","叫 AI 猜是不是校長","C","查學校公告，向老師確認","AI 可以合成聲音和影像。重要消息應查學校公告或向老師確認。","影片從哪裡來？學校有正式公告嗎？","影像可能被合成，像本人也要查來源。","未確認就轉傳，可能讓更多人誤會。","答對！使用學校原本的管道查證。","另一個 AI 的猜測不能代替查證公告。","3","27–30","倫理延伸","4","影像和聲音可能被合成，先用原管道查問。"
"初階","4","深偽查證","聲音影像別急信","主要挑戰","V2L04Q02","2","一段聲音很像媽媽，叫你交出帳號密碼。你會怎麼做？","聲音像就給密碼","不給密碼，用平常方式聯絡媽媽","把密碼傳給陌生號碼","先給一半密碼","B","不給密碼，用平常方式聯絡媽媽","聲音相似不能保證身分。保護密碼，用原本熟悉的管道找家長確認。","不要只靠聲音，改用平常的聯絡方式。","像媽媽的聲音也可能被模仿，密碼不能交。","答對！用原本熟悉的聯絡方式確認。","這可能把帳號交給陌生人。","密碼的一部分也不應隨便提供。","3","27–30","倫理延伸","4","影像和聲音可能被合成，先用原管道查問。"
"初階","4","深偽查證","聲音影像別急信","主要挑戰","V2L04Q03","3","同學說「影片畫面很清楚，所以一定是真的」。你會說？","沒錯，清楚就是真的","有音樂就是真的","有很多讚就是真的","清楚也可能是合成，要查來源","D","清楚也可能是合成，要查來源","不能只用畫質、音樂或人氣判斷真假，要核對原來源和事情背景。","逼真的影像，也可能是人工合成的。","合成影像也可能很清楚，仍要查來源。","配樂不能證明事件真實。","按讚數不能證明內容真實。","答對！畫質不是判斷真假的保證。","3","27–30","倫理延伸","4","影像和聲音可能被合成，先用原管道查問。"
"初階","4","深偽查證","聲音影像別急信","主要挑戰","V2L04Q04","4","朋友想用 AI 模仿同學聲音取笑他，你會怎麼做？","勸他停止，改做不傷人的創作","幫忙傳得更廣","改模仿另一位同學","只要標 AI 就能隨便取笑","A","勸他停止，改做不傷人的創作","合成作品要尊重當事人，不能用來冒充、取笑或傷害別人。","被模仿的同學會有什麼感受？","答對！創作也要尊重被模仿的人。","擴大分享會增加對同學的傷害。","換一個對象仍會傷害人。","標示 AI 不能代替尊重和同意。","3","27–30","倫理延伸","4","影像和聲音可能被合成，先用原管道查問。"
"初階","4","深偽查證","聲音影像別急信","主要挑戰","V2L04Q05","5","群組傳來同學「偷東西」的合成疑似影片，先做什麼？","先貼同學名字給大家看","留言罵同學","先不轉傳，請老師協助查清楚","給影片加上更多笑話","C","先不轉傳，請老師協助查清楚","涉及同學的指控先不擴散，交由老師協助查證，不把未確認影片當成事實。","先保護被拍的人，也保留查證的時間。","未確認的指控可能傷害同學。","還沒查清楚，不能用影片定罪。","答對！先停止擴散，再讓老師協助。","加笑話會讓當事人更受傷。","3","27–30","倫理延伸","4","影像和聲音可能被合成，先用原管道查問。"
"初階","5","AI 與我的作業","作業自己來","主要挑戰","V2L05Q01","1","遇到不會的數學題，怎樣用 AI 才能幫你學會？","請它解釋步驟，再自己算","只複製最後答案","叫它替你交作業","把答案背起來就好","A","請它解釋步驟，再自己算","用 AI 理解方法，再自己作答；有疑問也可以找老師。","哪個做法讓你自己動腦和練習？","答對！理解方法後，自己試著完成。","有答案不代表理解了方法。","交出作業不能代替自己的練習。","遇到不同題目，仍需要理解方法。","13","135–141","教材改編＋倫理延伸","5","請 AI 解釋或出練習題，最後自己完成。"
"初階","5","AI 與我的作業","作業自己來","主要挑戰","V2L05Q02","2","AI 寫了一篇作文，你直接交出去說是自己寫的，好嗎？","很好，寫得漂亮就好","很好，老師不會發現就行","不合適，我要自己寫並照規則說明協助","換掉名字就算自己寫","C","不合適，我要自己寫並照規則說明協助","不能把 AI 完成的文章冒充自己的作品。依老師規則使用工具，自己思考和寫作。","這份作業是在練習誰的寫作？","漂亮的文章不代表是自己的學習成果。","是否被發現不會改變誠實使用的責任。","答對！保留自己的寫作，也誠實說明工具協助。","換名字不會讓整篇文章變成自己完成。","13","135–141","教材改編＋倫理延伸","5","請 AI 解釋或出練習題，最後自己完成。"
"初階","5","AI 與我的作業","作業自己來","主要挑戰","V2L05Q03","3","老師允許 AI 幫忙練習詞語，哪句提問較好？","替我寫完所有詞語作業","解釋這個詞，給我一題自己練","給我答案，不用說明","幫我讓老師看不出用了 AI","B","解釋這個詞，給我一題自己練","有效的學習提問，可以請 AI 解釋、示範，再讓自己練習。","請它幫你理解，也留一題自己試。","老師允許練習，不代表允許全部代寫。","答對！請工具解釋，再保留自己作答的機會。","只有答案不利於理解和練習。","應誠實遵守使用規則，不隱瞞協助。","13","135–141","教材改編＋倫理延伸","5","請 AI 解釋或出練習題，最後自己完成。"
"初階","5","AI 與我的作業","作業自己來","主要挑戰","V2L05Q04","4","AI 給的解題步驟你看不懂，接下來怎麼做？","直接交出去就好","只把答案抄漂亮","說 AI 比老師厲害就行","請它換簡單說法，再問老師","D","請它換簡單說法，再問老師","看不懂時不要直接抄，請它重新解釋，必要時找老師一起確認。","先指出哪一步不懂，再請人幫忙。","自己看不懂，還沒有確認學會。","字跡漂亮不能代替理解。","比較誰厲害不能解決你不理解的地方。","答對！找出不懂的地方，請工具和老師協助。","13","135–141","教材改編＋倫理延伸","5","請 AI 解釋或出練習題，最後自己完成。"
"初階","5","AI 與我的作業","作業自己來","主要挑戰","V2L05Q05","5","使用老師允許的 AI 幫忙後，交作業前還要做什麼？","自己檢查，照規則說明 AI 幫了哪裡","把 AI 的所有內容直接貼上","假裝完全沒用過工具","不看內容就按送出","A","自己檢查，照規則說明 AI 幫了哪裡","使用 AI 後要核對、理解和整理內容，並依老師要求說明使用方式。","工具幫忙後，你還要負責什麼？","答對！自己負責檢查，也誠實說明協助。","工具結果也需要核對和自己整理。","應依老師規則誠實說明。","交出之前仍需要自己檢查。","13","135–141","教材改編＋倫理延伸","5","請 AI 解釋或出練習題，最後自己完成。"
"初階","6","人與 AI 合作","生活合作隊","主要挑戰","V2L06Q01","1","AI 推薦雨天戶外活動，你會怎麼做？","推薦了就一定照做","怪同學不想淋雨","請 AI 保證不下雨","看天氣和需要，改選合適活動","D","看天氣和需要，改選合適活動","AI 的建議是參考，最後要依實際情況和人的需要調整。","看看現在的天氣，再看看活動需要。","建議也要符合天氣和活動需要。","不同需要應被尊重，不能責怪同學。","工具不能靠一句保證改變天氣。","答對！用實際條件檢查 AI 的建議。","13、17、18","135–141、172–177、181–185","教材改編＋倫理延伸","6","使用 AI 前想需求，使用後自己檢查。"
"初階","6","人與 AI 合作","生活合作隊","主要挑戰","V2L06Q02","2","你想用 AI 做班級海報，哪種素材較合適？","自己畫的圖，確認文字再用","全班照片，沒有先問","同學電話清單當背景","AI 寫的活動時間，不核對","A","自己畫的圖，確認文字再用","海報可使用自畫圖等合適素材，日期和通知文字則要核對。","圖案和文字各需要注意什麼？","答對！自畫素材不用交出同學照片，文字也要核對。","使用真人照片前應先確認同意和用途。","電話和海報任務無關，也不應公開。","活動時間需要和班級公告核對。","13、17、18","135–141、172–177、181–185","教材改編＋倫理延伸","6","使用 AI 前想需求，使用後自己檢查。"
"初階","6","人與 AI 合作","生活合作隊","主要挑戰","V2L06Q03","3","同學沒有平板，AI 小組活動怎樣安排較好？","讓他只在旁邊看","說沒有平板就不能加入","輪流使用，讓大家都有任務","把他的作業交給 AI 做","C","輪流使用，讓大家都有任務","共享設備、輪流操作或使用紙本，可以讓不同條件的同學一起學習。","不用每個人都有平板，也能一起完成嗎？","沒有設備也應有參加和學習的機會。","設備差異不應排除同學。","答對！共享設備並分工，讓每個人都參與。","代寫沒有讓他參與學習。","13、17、18","135–141、172–177、181–185","教材改編＋倫理延伸","6","使用 AI 前想需求，使用後自己檢查。"
"初階","6","人與 AI 合作","生活合作隊","主要挑戰","V2L06Q04","4","AI 一直推薦你不喜歡的故事，你會怎麼做？","每天都看，不能改","說明今天的興趣，自己再選","把住址和密碼都提供給它","認定自己一定不喜歡閱讀","B","說明今天的興趣，自己再選","可以更新需求、找其他書單或請館員協助，不必照單全收。","今天的你想看什麼故事？","推薦只是參考，可以調整需求或改選其他內容。","答對！讓建議符合今天的需要，也保留自己的選擇。","這些資料不需要用於改變故事推薦。","一次推薦不合適不能代表你的興趣。","13、17、18","135–141、172–177、181–185","教材改編＋倫理延伸","6","使用 AI 前想需求，使用後自己檢查。"
"初階","6","人與 AI 合作","生活合作隊","主要挑戰","V2L06Q05","5","AI 幫忙完成報告草稿，哪種收尾方式較合適？","立刻交出，不再看內容","把同學私人資料補進去","說全部是自己寫的","核對內容，用自己的話整理並說明協助","D","核對內容，用自己的話整理並說明協助","交出成果前自己核對和整理，保護私人資料，依老師規則說明工具協助。","想起查證、個資和自己的學習。","草稿仍可能有錯，交出前需要檢查。","報告不需要就不要加入同學私人資料。","應依規則誠實說明 AI 的協助。","答對！查證、自己理解和誠實說明一起做到。","13、17、18","135–141、172–177、181–185","教材改編＋倫理延伸","6","使用 AI 前想需求，使用後自己檢查。"
"進階","7","個資守護","分享前多想一步","主要挑戰","V2L07Q01","1","AI 故事助手說要「閱讀程度、興趣、住址」。怎樣提供？","三項全給，越多越好","只給閱讀程度與興趣，不給住址","只給住址，不給興趣","改給同學的三項資料","B","只給閱讀程度與興趣，不給住址","資料不是越多越好。依任務用途提供需要的內容，避免不必要的私人資料。","哪些資料真的幫得上故事推薦？","更多私人資料不一定讓推薦更好，住址和任務無關。","答對！依用途提供合適資料，省去不必要的住址。","住址不能說明閱讀需要，還增加不必要的資料分享。","同學資料也不能隨便拿來代替。","7、9、14、17","65、79–84、149、173","倫理延伸","1","分享資料前，確認用途、同意和查看對象。"
"進階","7","個資守護","分享前多想一步","主要挑戰","V2L07Q02","2","全班合照中只有一位同學不同意上傳 AI，你會怎麼做？","多數同意就直接上傳","把那位同學名字拿掉就好","改成只傳給別的 AI","改用不含真人的圖，請老師確認","D","改用不含真人的圖，請老師確認","共享照片需要照顧每位當事人的選擇，可以改用非真人素材，不用多數決代替同意。","每位照片中的人，都同意這次用途嗎？","多數人的同意不能代替那位同學的選擇。","照片仍可能認出本人，去掉名字不等於取得同意。","換工具沒有處理同意問題。","答對！換合適素材，讓不同意上傳的人也被尊重。","7、9、14、17","65、79–84、149、173","倫理延伸","1","分享資料前，確認用途、同意和查看對象。"
"進階","7","個資守護","分享前多想一步","主要挑戰","V2L07Q03","3","你想請 AI 改作文，文中有住址和同學電話。先做什麼？","移除私人資料，先問老師可否使用","原文全部上傳，改完再刪","把電話換成同學的住址","只要求 AI 不要讀那一段","A","移除私人資料，先問老師可否使用","使用工具前先移除不必要的私人資料，並確認老師允許的協助方式。","改文章需要知道這些私人資料嗎？","答對！先保護文中人物資料，也確認作業規則。","上傳時資料已經提供出去，應先處理。","換成另一種私人資料仍不合適。","要求不讀不能避免資料已被上傳。","7、9、14、17","65、79–84、149、173","倫理延伸","1","分享資料前，確認用途、同意和查看對象。"
"進階","7","個資守護","分享前多想一步","主要挑戰","V2L07Q04","4","同學同意照片放班內相簿，能直接拿去 AI 宣傳海報嗎？","可以，同意過一次就都能用","可以，海報很漂亮就好","先確認新用途和查看對象，再詢問","只把照片縮小就可以","C","先確認新用途和查看對象，再詢問","同意要對應具體用途和查看對象。改成新的用途時需要再確認。","這次用途和原本同意的用途一樣嗎？","同意班內分享不等於同意其他用途和工具。","效果漂亮不能代替新的使用同意。","答對！用途改變時要重新問清楚。","縮小照片沒有改變用途和同意問題。","7、9、14、17","65、79–84、149、173","倫理延伸","1","分享資料前，確認用途、同意和查看對象。"
"進階","7","個資守護","分享前多想一步","主要挑戰","V2L07Q05","5","不小心把同學電話貼到 AI 聊天裡，接下來怎麼做？","假裝沒發生","停止分享，告訴老師，依協助流程處理","再貼一次，請 AI 忘記","刪除畫面就保證對方沒留資料","B","停止分享，告訴老師，依協助流程處理","資料誤傳後先停止擴散並通知老師，依工具和學校流程處理；不能保證只刪畫面就完全收回。","先停下來，讓可信任的大人幫忙處理。","隱瞞會讓同學和老師無法協助處理。","答對！先停止擴散，讓老師協助聯絡和處理。","再貼一次會增加提供的資料，不能保證被刪除。","刪掉畫面不等於能保證服務端沒有保留。","7、9、14、17","65、79–84、149、173","倫理延伸","1","分享資料前，確認用途、同意和查看對象。"
"進階","8","答案查證","查證不只看一眼","主要挑戰","V2L08Q01","1","AI 說今天校外教學，卻引用去年的公告。你會怎麼做？","照去年的日期出發","只看公告標題，不看年份","找今年最新公告，向老師確認","讓 AI 把年份換成今年","C","找今年最新公告，向老師確認","查證不只看來源名稱，也要核對日期和目前情境，確認資料仍適用。","同一個來源，也要看日期是否適用。","去年日期不一定適用今年。","年份和更新時間也需要核對。","答對！來源是真的，也可能已經過時。","改年份不能證明今年安排相同。","2、3、4、10","24–30、39、99","教材改編＋倫理延伸","2","比較日期和原來源，證據不夠就先保留。"
"進階","8","答案查證","查證不只看一眼","主要挑戰","V2L08Q02","2","兩個 AI 都說同一本書存在，但都沒有可查來源。怎麼辦？","查圖書館書目，暫不把書名當真","兩個都說就一定是真的","問第三個 AI 投票","挑說得最肯定的那個","A","查圖書館書目，暫不把書名當真","多個 AI 的相同說法也可能錯，應找可核對的書目或原始資料。","重複說法和可以查到的證據，一樣嗎？","答對！相同回答不是獨立證據，還要查原資料。","兩個工具可能重複同一種錯誤。","投票不能代替書目等可核對的證據。","語氣肯定不代表有證據。","2、3、4、10","24–30、39、99","教材改編＋倫理延伸","2","比較日期和原來源，證據不夠就先保留。"
"進階","8","答案查證","查證不只看一眼","主要挑戰","V2L08Q03","3","AI 給你一個參考網址，點開卻沒有那個說法，怎麼辦？","有網址就算查過了","把不存在的句子寫進來源","只把網址貼進報告","核對原文，找不到就標未確認","D","核對原文，找不到就標未確認","查證要確認來源內容支持說法，找不到時先標示未確認，不捏造引用。","這個來源裡，真的找得到那句話嗎？","網址存在不代表支持這個說法。","不能把來源沒說過的內容當成引用。","貼網址不能代替核對內容。","答對！證據需要真的支持說法，不能只看有沒有連結。","2、3、4、10","24–30、39、99","教材改編＋倫理延伸","2","比較日期和原來源，證據不夠就先保留。"
"進階","8","答案查證","查證不只看一眼","主要挑戰","V2L08Q04","4","辨識工具說這片葉子一定是薄荷，你要拿來吃嗎？","工具說一定，就直接吃","不嘗試，請老師或可信任的大人確認","再拍一次就可以保證","讓同學先吃看看","B","不嘗試，請老師或可信任的大人確認","辨識可能出錯，涉及安全時要找可信任的大人處理，不靠 AI 猜測嘗試。","認出名字的建議，能保證吃下去安全嗎？","影像辨識不能保證可食用，不能用猜測嘗試。","答對！涉及安全時，工具辨識只能當線索。","重拍不能保證植物身分和食用安全。","不能把不確定的風險交給同學。","2、3、4、10","24–30、39、99","教材改編＋倫理延伸","2","比較日期和原來源，證據不夠就先保留。"
"進階","8","答案查證","查證不只看一眼","主要挑戰","V2L08Q05","5","報告今天就要交，AI 的一項說法還查不到，怎樣處理？","因為趕時間就當成事實","捏造一本課本當來源","改用已核對內容，說明未確認的部分","把那句話寫得更肯定","C","改用已核對內容，說明未確認的部分","可以改用已核對的內容，說明仍不確定的部分，而不是勉強把猜測寫成事實。","哪些內容已經有可靠證據？","時間壓力不能讓缺乏證據的說法變真。","捏造來源不誠實，也不能幫人查證。","答對！保留可確認內容，清楚交代限制。","更肯定的語氣不能補上證據。","2、3、4、10","24–30、39、99","教材改編＋倫理延伸","2","比較日期和原來源，證據不夠就先保留。"
"進階","9","情境分類","分類也要顧公平","主要挑戰","V2L09Q01","1","AI 用「男生、女生」分配社團，哪種改法較合適？","把男生女生的社團互換","依每人的興趣和意願分配，再請老師看","用名字長短分配","讓 AI 的安排不能更改","B","依每人的興趣和意願分配，再請老師看","選合適的任務線索，不用性別等刻板印象分配興趣，也保留老師協助調整。","分社團要了解的是什麼？","互換限制仍是按性別猜興趣。","答對！用和社團參加真正相關的線索。","名字長短也不能說明興趣和意願。","不能更改會讓被分錯的人沒有選擇。","8、13","71–73、136","教材改編＋倫理延伸","3","依任務看合適線索，認錯時修正資料和規則。"
"進階","9","情境分類","分類也要顧公平","主要挑戰","V2L09Q02","2","語音工具常聽不懂一位同學的說話方式，怎麼處理？","禁止他用語音活動","認定他說話不夠聰明","只要求他重錄到成功","提供文字方式，請老師檢查工具問題","D","提供文字方式，請老師檢查工具問題","辨識表現不同可能來自工具限制，應提供替代方式並檢查，不把問題怪到同學身上。","先讓他能參加，再找工具哪裡需要改。","工具差異不應讓同學被排除。","工具辨識失敗不能判斷人的能力。","只要求反覆重錄，沒有提供合適替代方式。","答對！先讓同學能參加，再協助查明工具限制。","8、13","71–73、136","教材改編＋倫理延伸","3","依任務看合適線索，認錯時修正資料和規則。"
"進階","9","情境分類","分類也要顧公平","主要挑戰","V2L09Q03","3","分類器只看過白貓，黑貓常被認成狗。怎樣改善？","補充多樣且正確標記的貓，再用新圖測試","多給一百張同一隻白貓","把黑貓全部標成狗","說補資料後一定完全正確","A","補充多樣且正確標記的貓，再用新圖測試","資料要涵蓋任務相關的不同樣貌，標記正確，修正後用新例子測試。","練習資料少了哪種樣子的貓？","答對！改善資料範圍，也確認新圖片的辨識結果。","數量增加，但仍缺少不同樣子的貓。","錯誤標記會把錯誤學進去。","補資料後也要測試，不能保證永遠正確。","8、13","71–73、136","教材改編＋倫理延伸","3","依任務看合適線索，認錯時修正資料和規則。"
"進階","9","情境分類","分類也要顧公平","主要挑戰","V2L09Q04","4","AI 把同學一次答錯，分類成「永遠學不會」。你會怎麼做？","以後都不給他練習","只把標籤換成更難聽的","請老師覆核，看更多練習情況並提供協助","讓所有工具都記住這個標籤","C","請老師覆核，看更多練習情況並提供協助","學習表現會改變。錯誤或過度簡化的標籤應由老師覆核和修正，提供適合的練習。","一次答錯，能代表所有學習能力嗎？","一次結果不能決定一個人的未來。","改成更傷人的標籤不會幫助學習。","答對！用更完整的情況了解需要，而不是永久貼標籤。","擴大紀錄可能讓錯誤標籤繼續影響同學。","8、13","71–73、136","教材改編＋倫理延伸","3","依任務看合適線索，認錯時修正資料和規則。"
"進階","9","情境分類","分類也要顧公平","主要挑戰","V2L09Q05","5","班級想把任務分給 AI 和人，哪個分類較合適？","AI 決定同學的能力，人只照做","AI 提供點子，人核對並做最後決定","AI 全部代寫，人只按送出","人把所有密碼給 AI 保管","B","AI 提供點子，人核對並做最後決定","AI 可以提供建議與草稿，人要確認需求、核對結果，並負責最後的決定。","哪些步驟需要人的判斷和負責？","人的學習和分工不應只由工具標籤決定。","答對！分工保留人的理解、查證和責任。","這沒有保留自己的學習和檢查。","密碼不是這個分工任務需要的資料。","8、13","71–73、136","教材改編＋倫理延伸","3","依任務看合適線索，認錯時修正資料和規則。"
"進階","10","深偽查證","真假訊息追追追","主要挑戰","V2L10Q01","1","老師影片要求轉帳，陌生人說「不能問老師」。先做什麼？","照做，避免老師生氣","只問傳影片的陌生人","停止轉帳，用原班級管道找老師","影片有老師臉就放心","C","停止轉帳，用原班級管道找老師","逼真影片也需要查證。涉及金錢或急迫要求時，先停下來，用原本管道確認。","先別照催促行動，換回平常找老師的管道。","催促和禁止查問不能成為相信訊息的理由。","同一個陌生來源不能獨立確認老師的意思。","答對！換回原本可信任的管道確認。","臉和聲音也可能被合成，不能只靠外觀確認。","3","27–30","倫理延伸","4","查原始來源，尊重被合成影像的人。"
"進階","10","深偽查證","真假訊息追追追","主要挑戰","V2L10Q02","2","影片沒有「AI 合成」標示，能保證不是合成嗎？","不能，仍要查原來源和背景","能，沒標示就一定是真的","能，很多同學都看過","能，影片超過一分鐘","A","不能，仍要查原來源和背景","AI 標示是線索之一，缺少標示不代表一定真實；仍應查來源和情境。","沒寫出來，代表一定沒有發生嗎？","答對！沒有標示不代表內容一定真實。","合成內容可能沒被標示，不能由缺少標示保證真實。","觀看人數不能代替來源查證。","長度不能保證影像真實。","3","27–30","倫理延伸","4","查原始來源，尊重被合成影像的人。"
"進階","10","深偽查證","真假訊息追追追","主要挑戰","V2L10Q03","3","AI 偵測器說影片「可能合成」，你準備在班上指控同學。怎麼辦？","偵測器說可能，就公開定罪","請更多 AI 投票定罪","貼同學名字，讓大家一起猜","先不指控，請老師查來源並了解事情","D","先不指控，請老師查來源並了解事情","偵測工具可能出錯，不用單一結果指控同學；先由老師協助查來源和事情背景。","「可能」不是已經證明。先保護當事人。","工具結果有不確定，不能直接拿來指控。","投票不能代替查明事情和聽取當事人說明。","公開猜測可能傷害同學和擴大誤會。","答對！工具結果只作線索，交給老師協助查清楚。","3","27–30","倫理延伸","4","查原始來源，尊重被合成影像的人。"
"進階","10","深偽查證","真假訊息追追追","主要挑戰","V2L10Q04","4","你想用 AI 模仿同學配音，他同意練習但不想公開，怎麼做？","標 AI 就可以公開","依同意只在練習中用，不公開","只傳幾個群組不算公開","用假名字公開就沒關係","B","依同意只在練習中用，不公開","合成作品也要尊重當事人的用途與查看範圍，不因有 AI 標示就擴大分享。","對方同意的是哪個用途和查看範圍？","標示不能代替當事人對公開用途的同意。","答對！尊重具體用途和查看範圍。","轉給其他群組仍超出原本的同意範圍。","聲音仍可能辨認出本人，假名不能解決同意問題。","3","27–30","倫理延伸","4","查原始來源，尊重被合成影像的人。"
"進階","10","深偽查證","真假訊息追追追","主要挑戰","V2L10Q05","5","有人要你上傳同學影片到陌生網站查真假，你會怎麼做？","越多網站上傳越好","先傳，再問同學同不同意","先不傳，請老師透過原來源查證","改用同學名字當搜尋標題公開","C","先不傳，請老師透過原來源查證","查證不等於可以任意上傳他人影像。先請老師協助，用原來源和合適流程確認。","查證時，也要保護影片裡的人。","反覆上傳會擴大同學影像的分享。","上傳前就應處理同意和用途。","答對！查證也要保護當事人的資料。","公開姓名和疑似影片可能增加傷害。","3","27–30","倫理延伸","4","查原始來源，尊重被合成影像的人。"
"進階","11","AI 與我的作業","學習誠實挑戰","主要挑戰","V2L11Q01","1","老師允許 AI 解釋，但要求自己寫答案。哪個做法合適？","請 AI 寫答案，再換幾個字","請 AI 解釋後，關掉答案自己寫","把整份題目交給 AI 代寫","說沒用 AI，直接貼它的答案","B","請 AI 解釋後，關掉答案自己寫","照老師允許的範圍用 AI。先理解，再自己作答，並按要求說明協助。","老師允許的協助，到哪一步為止？","改幾個字仍可能是讓工具代替自己作答。","答對！遵守使用範圍，保留自己的理解和作答。","這超出老師允許的解釋協助。","既沒有保留自己的作答，也不誠實。","13","135–141","教材改編＋倫理延伸","5","依老師規則用 AI，交出能自己說明的作業。"
"進階","11","AI 與我的作業","學習誠實挑戰","主要挑戰","V2L11Q02","2","AI 幫報告列三本參考書，你查不到其中一本，怎麼辦？","照列，老師不一定會查","自己編一個作者名字","改說三本都是自己讀過","刪掉未確認來源，用核對過的資料","D","刪掉未確認來源，用核對過的資料","AI 產生的參考資料也要查證，不捏造閱讀和引用紀錄。","你能指出資料裡哪個內容支持你的報告嗎？","參考來源應真實可核對，不能因可能沒人查就捏造。","編造作者不能讓書變成真實來源。","不能把未讀或不存在的書說成已讀。","答對！引用自己能確認的資料。","13","135–141","教材改編＋倫理延伸","5","依老師規則用 AI，交出能自己說明的作業。"
"進階","11","AI 與我的作業","學習誠實挑戰","主要挑戰","V2L11Q03","3","老師說這次作文不使用 AI，你很想請 AI 寫開頭。怎麼辦？","遵守規則，自己寫，請老師提供提示","只寫開頭不算用 AI","請同學替你向 AI 提問","用了後不說就可以","A","遵守規則，自己寫，請老師提供提示","老師的工具規則會依學習目的不同而改變，遇到困難可尋求允許的協助。","先分清這次作業的規則。","答對！可以找老師協助，但不使用這次禁止的工具。","開頭也是作文的一部分，仍是使用 AI。","透過同學使用仍超出這次規則。","隱瞞不會讓違反規則變合適。","13","135–141","教材改編＋倫理延伸","5","依老師規則用 AI，交出能自己說明的作業。"
"進階","11","AI 與我的作業","學習誠實挑戰","主要挑戰","V2L11Q04","4","你看懂 AI 的例題，但換一題就不會，下一步怎麼做？","多複製幾個答案就交","請 AI 說你已經學會","找出卡住步驟，請老師或 AI 提示再練","說新題目一定出錯了","C","找出卡住步驟，請老師或 AI 提示再練","把卡住的地方說清楚，取得合適提示，再自己練新題，檢查能否運用。","你從哪一步開始不確定？","複製更多答案仍不能確認理解。","工具的稱讚不能代替你獨立作答。","答對！針對不懂之處練習，而不是直接取得答案。","不會作答不代表題目一定有錯。","13","135–141","教材改編＋倫理延伸","5","依老師規則用 AI，交出能自己說明的作業。"
"進階","11","AI 與我的作業","學習誠實挑戰","主要挑戰","V2L11Q05","5","小組作業用了允許的 AI，你負責最後繳交，怎麼做？","交出就好，錯誤都算 AI 的","一起核對，說明 AI 協助與每人分工","只寫 AI 的名字，不檢查","說所有內容都由自己獨力完成","B","一起核對，說明 AI 協助與每人分工","小組使用 AI 後仍要核對與理解，依老師規則交代工具協助和人的分工。","自己、同學和 AI 各做了什麼？","交出內容的人和小組仍需要核對和負責。","答對！小組共同理解內容，也誠實說明工具和人的貢獻。","標示工具不能取代內容核對和自己的學習。","這忽略了同學和工具的實際協助。","13","135–141","教材改編＋倫理延伸","5","依老師規則用 AI，交出能自己說明的作業。"
"進階","12","人與 AI 合作","校園 AI 守護約定","主要挑戰","V2L12Q01","1","班級想用 AI 推薦故事，哪個資料方案較合適？","蒐集姓名、住址和全家照片","一定要交出全部借閱紀錄才能參加","用自選興趣，另備不用個資的書單","請 AI 猜每個人的私人資料","C","用自選興趣，另備不用個資的書單","為任務選合適資料，提供不用個資的替代書單，讓不同選擇的人都能參加。","想想用途，也想想不想提供資料的人。","這些資料超出故事推薦需要。","應考慮不提供紀錄的同學，不能把過多資料當成唯一門票。","答對！資料符合目的，也保留不提供資料的參加方式。","猜測私人資料既不必要，也不可靠。","13、17、18","135–141、172–177、181–185","教材改編＋倫理延伸","6","有目的、有查證，保留自己的學習和替代方式。"
"進階","12","人與 AI 合作","校園 AI 守護約定","主要挑戰","V2L12Q02","2","AI 幫寫班級活動通知，日期和費用怎樣確認？","和最新公告核對，再請老師確認","AI 寫得完整就直接發","讓 AI 自己保證就好","轉傳後有錯再猜一個日期","A","和最新公告核對，再請老師確認","AI 可以幫忙整理通知，人要核對最新資料與負責者確認後再發布。","日期和費用應由誰提供和確認？","答對！通知影響全班，應核對原安排者的資訊。","完整句子也可能有錯，還需要查證。","工具自我保證不能代替原資料和老師核對。","錯誤通知會影響大家，不應用新的猜測替代。","13、17、18","135–141、172–177、181–185","教材改編＋倫理延伸","6","有目的、有查證，保留自己的學習和替代方式。"
"進階","12","人與 AI 合作","校園 AI 守護約定","主要挑戰","V2L12Q03","3","故事活動中有人沒有設備，哪個完整方案可以採用？","沒有設備就不能參加","共用設備輪流操作，老師核對推薦","全交 AI 決定，不讓同學選","提供紙本書單，老師協助選書","B、D","共用設備輪流操作，老師核對推薦／提供紙本書單，老師協助選書","輪流共用設備並核對推薦，或用紙本書單和老師協助，都能完成目的；合適方法可以不只一種。","達到找書目的，也照顧不同設備條件。","設備差異不應成為排除同學的理由。","答對！讓大家參加，也保留對 AI 建議的核對。","這沒有保留人的選擇和核對。","答對！不使用 AI 也能完成目的，照顧設備差異。","13、17、18","135–141、172–177、181–185","教材改編＋倫理延伸","6","有目的、有查證，保留自己的學習和替代方式。"
"進階","12","人與 AI 合作","校園 AI 守護約定","主要挑戰","V2L12Q04","4","陌生帳號傳老師的影片，要求立刻交帳號密碼，怎麼做？","影片有老師的臉，立刻照做","不查來源，請同學先試","用 AI 投票決定影片真假","不交密碼，用原班級管道找老師查證","D","不交密碼，用原班級管道找老師查證","陌生聲音影片要用原本管道向老師確認，不因逼真或催促就交出帳號密碼。","影片再逼真，也要用原本管道查證。","臉和聲音也可能被合成，不能只靠外觀交出密碼。","不能把未查證的風險交給同學。","投票不能代替原管道查證。","答對！保護密碼，用原本熟悉的管道確認。","13、17、18","135–141、172–177、181–185","教材改編＋倫理延伸","6","有目的、有查證，保留自己的學習和替代方式。"
"進階","12","人與 AI 合作","校園 AI 守護約定","主要挑戰","V2L12Q05","5","AI 寫好活動報告，但你說不出理由，準備交出。怎樣收尾？","直接交出，錯誤全部算 AI 的","理解並核對，自己整理並說明 AI 協助","說全是自己寫的，不必解釋","只把字體改漂亮就交","B","理解並核對，自己整理並說明 AI 協助","交出成果前要自己理解、核對和整理，並依老師規則說明 AI 協助，保留自己的學習。","你能說出內容的理由，也說明工具幫了哪裡嗎？","交作業前自己也要理解和核對，不能全部推給工具。","答對！讓成果能由自己說明，也誠實交代工具協助。","沒有理解也隱瞞協助，不是誠實的學習成果。","字體漂亮不能代替自己的理解和核對。","13、17、18","135–141、172–177、181–185","教材改編＋倫理延伸","6","有目的、有查證，保留自己的學習和替代方式。"
"初階","13","個資守護","初階最終守護戰","最終綜合挑戰","V3F13Q01","1","AI 幫你做要貼在教室門口的角色名牌，哪種內容比較安心？","真名加上每天回家的路線","自己選的暱稱和虛構角色圖","家長的手機號碼和照片","全家的姓名和生日","B","自己選的暱稱和虛構角色圖","公開展示和自己練習不同。角色名牌可以用暱稱與虛構圖，減少不必要的私人資料。","教室門口的名牌，路過的人都可能看見。","回家路線會讓路過的人知道你的行蹤，不適合公開。","答對！名牌可以用暱稱和虛構角色，不必公開真實行蹤。","家長的電話與照片不是角色名牌需要的內容。","全家資料和角色名牌無關，不必放在門口。","7、9、14、17","65、79–84、149、173","倫理延伸","1","辨認公開展示時不必要的身分與行蹤資料。"
"初階","13","答案查證","初階最終守護戰","最終綜合挑戰","V3F13Q02","2","闖關從上午 10 點到 11 點，AI 卻寫「共 90 分鐘」。你怎麼改？","保留 90 分鐘，AI 算得快","把結束時間改成 12 點","請 AI 多印幾張同樣的表","自己核算，改成 60 分鐘","D","自己核算，改成 60 分鐘","核對時間表時，要自己檢查數字是否符合原本的時間；不能只因為是 AI 算的就照用。","從 10 點走到 11 點，是幾個小時？","算得快也可能算錯，10 點到 11 點只有一小時。","不能為了配合 AI，擅自改掉已經決定的活動時間。","印得更多不能修正表上的時間錯誤。","答對！對照起訖時間，一小時是 60 分鐘。","2、3、4、10","24–30、39、99","教材改編＋倫理延伸","2","利用題幹的起訖時間核算 AI 的數字。"
"初階","13","情境分類","初階最終守護戰","最終綜合挑戰","V3F13Q03","3","校內藍桶收紙類，AI 卻只看桶子顏色叫你丟塑膠瓶。怎麼辦？","看桶上的分類標示再丟","讓 AI 決定，忽略標示","把每一種垃圾都丟藍桶","把分類標示撕掉","A","看桶上的分類標示再丟","分類要用符合任務的線索。桶子顏色不一定代表同一種垃圾，要看這個地方的標示。","桶子上的字，說明了這個桶子用來收什麼。","答對！要按校內標示分類，不能只猜桶子的顏色。","AI 的顏色猜測不能代替桶上寫的分類規則。","不同垃圾有不同去處，混在一起會妨礙回收。","標示是幫大家正確分類的線索，不應移除。","1、8、13、18","16–17、71–73、135–141、183","教材改編＋倫理延伸","3","分清外觀線索與實際分類規則。"
"初階","13","深偽查證","初階最終守護戰","最終綜合挑戰","V3F13Q04","4","你用 AI 做了恐龍說故事動畫，播放前怎樣介紹比較清楚？","說這是真恐龍留下的影片","說有聲音就一定是真事","說這是 AI 協助製作的想像故事","說動畫裡的事情都發生過","C","說這是 AI 協助製作的想像故事","AI 合成可以用來創作。清楚標示是想像故事，能減少把合成畫面誤當成真事的機會。","想像故事很有趣，但要讓觀眾知道它是創作。","這是創作，說成真實紀錄會讓觀眾誤會。","聲音也能合成，不能證明事情真的發生。","答對！清楚說明是想像創作，讓觀眾知道不是實際紀錄。","動畫可以呈現想像，不能把所有畫面當成真實事件。","3","27–30","倫理延伸","4","正面使用合成媒體，清楚區分創作與真實紀錄。"
"初階","13","AI 與我的作業","初階最終守護戰","最終綜合挑戰","V3F13Q05","5","你的暑假去了海邊，AI 卻把遊記寫成去動物園。你會怎麼做？","動物園寫得精彩就留下","改成自己真的去海邊的經驗","說這是自己去過的新地方","叫家人也說你去過動物園","B","改成自己真的去海邊的經驗","AI 可以給表達建議，但不能替你編出自己的經歷。寫作時要保留真實經驗和自己的想法。","遊記要記下誰的真實經驗？","精彩不代表符合自己的經驗，遊記應寫實際經歷。","答對！保留自己的真實經驗，再自己整理遊記。","把沒有去過的地方說成親身經歷並不誠實。","不能請別人配合不真實的內容，應修正遊記。","13","135–141","教材改編＋倫理延伸","5","修正 AI 在個人遊記中捏造的經歷。"
"初階","13","人與 AI 合作","初階最終守護戰","最終綜合挑戰","V3F13Q06","6","AI 排了參觀路線，但途中樓梯不好走，有同學需要電梯。怎麼改？","請老師確認可走的電梯路線","叫那位同學不要參觀","路線最快，大家一定照走","請 AI 說樓梯就是電梯","A","請老師確認可走的電梯路線","使用 AI 規劃時，要把人的需要帶進去，再由老師確認實際可走的路線。","好路線除了快，也要讓同行的人能使用。","答對！先確認路線可用，讓需要電梯的同學也能同行。","應找可同行的方法，不能因為路線不合就排除同學。","最快的路線不一定適合每個人的需要。","改掉名稱不會讓樓梯變成電梯，仍需要調整路線。","13、17、18","135–141、172–177、181–185","教材改編＋倫理延伸","6","在 AI 路線規劃中照顧不同移動需要。"
"初階","13","個資守護","初階最終守護戰","最終綜合挑戰","V3F13Q07","7","你想展示 AI 聊天畫面，畫面角落有自己的接送地點。先做什麼？","放大接送地點讓大家看","加個漂亮邊框就展示","多寫幾個常去的地點","移除接送地點，再請老師看","D","移除接送地點，再請老師看","螢幕上的小字也可能是個資。展示前檢查整個畫面，只留下與展示目的有關的內容。","展示畫面之前，看看角落有沒有私人資訊。","放大會讓更多人知道你的接送位置，不是展示重點。","漂亮邊框不會遮住私人行蹤資料。","展示工具用法，不需要增加自己的行蹤資料。","答對！只展示需要的聊天內容，先移除私人行蹤。","7、9、14、17","65、79–84、149、173","倫理延伸","1","檢查分享截圖中容易被忽略的行蹤資訊。"
"初階","13","答案查證","初階最終守護戰","最終綜合挑戰","V3F13Q08","8","AI 把「請勿進入」翻成「歡迎進來」。做雙語指示牌前怎麼辦？","兩句都貼上，讓大家自己猜","只留下 AI 的翻譯","核對詞義，請老師確認翻譯","字體改大就可以使用","C","核對詞義，請老師確認翻譯","AI 翻譯也可能出錯。指示牌會影響別人的行動，要核對原意，再請老師確認。","原文是禁止進入，還是邀請進入？","相反的指示會讓人混淆，需要先核對翻譯。","AI 可能翻錯，不能直接取代原本的指示。","答對！先確認翻譯沒有反轉原本的意思。","字體變大不會改正翻譯的錯誤。","2、3、4、10","24–30、39、99","教材改編＋倫理延伸","2","核對 AI 翻譯是否保留原指示的意思。"
"初階","13","情境分類","初階最終守護戰","最終綜合挑戰","V3F13Q09","9","AI 看一張同學沒笑的照片，就說他很生氣。你會怎麼看？","沒笑就一定是在生氣","先問同學，別只用照片下判斷","把他列入生氣同學名單","叫 AI 把他寫成壞人","B","先問同學，別只用照片下判斷","AI 對表情的分類不等於本人感受。先了解當事人的想法，不急著貼上標籤。","一張照片，能說出一個人所有的感受嗎？","表情照片只有一個瞬間，不能保證當時的心情。","答對！了解本人感受，比直接套用 AI 的標籤更合適。","未了解本人就貼標籤，可能造成誤解。","心情猜測不能用來把一個人判成壞人。","1、8、13、18","16–17、71–73、135–141、183","教材改編＋倫理延伸","3","知道表情分類不等於人的真實情緒。"
"初階","13","深偽查證","初階最終守護戰","最終綜合挑戰","V3F13Q10","10","AI 把同學錄音接成他沒說過的新句子，字幕卻寫「本人說的」。怎麼辦？","停止展示，修正成合成創作說明","只要每個字都錄過就是真的","字幕寫得漂亮就留下","多播放幾次讓大家相信","A","停止展示，修正成合成創作說明","聲音可以被重新組合。合成新句不能冒稱本人發言；使用錄音也要先確認同意與用途。","字是原來的，重新組合後的意思還是原來的嗎？","答對！不能把合成新句說成同學真的說過，應先停止誤導。","原本的字被重新組合後，可能變成當事人沒說過的意思。","字幕的意思錯誤，不能靠漂亮字體解決。","重播會增加誤會，不能證明同學真的說過。","3","27–30","倫理延伸","4","辨認聲音重組造成的錯誤發言歸屬。"
"初階","13","AI 與我的作業","初階最終守護戰","最終綜合挑戰","V3F13Q11","11","老師要你記錄種子每天的高度，AI 想直接填一整週。你會怎麼做？","填 AI 猜的數字就不用量","把 AI 的數字寫得更整齊","自己量，再請 AI 幫忙排成表","挑最高的數字每天都填","C","自己量，再請 AI 幫忙排成表","AI 可以幫忙整理，但不能替代實際觀察。先自己測量，再用工具整理真實資料。","觀察記錄中的數字，應該從哪裡來？","猜測不能當成實際觀察的高度紀錄。","寫得整齊仍然不是你真正量到的數字。","答對！觀察資料由自己取得，AI 可以協助整理表格。","每天的觀察可能不同，不能任意挑數字來填。","13","135–141","教材改編＋倫理延伸","5","區分實際觀察與 AI 整理資料的分工。"
"初階","13","人與 AI 合作","初階最終守護戰","最終綜合挑戰","V3F13Q12","12","AI 說教室音樂越大聲越有趣，但有同學覺得太吵。怎麼做？","只聽 AI，把音量開到最大","說怕吵的同學不能玩","請 AI 保證大家都喜歡大聲","一起調低音量，保留安靜玩法","D","一起調低音量，保留安靜玩法","AI 的建議不是每個人都適用。一起調整音量，準備安靜的玩法，可以照顧不同需要。","活動有趣，也要讓身邊的人舒服。","音量建議應考慮同學感受，不能只看 AI 的說法。","活動應照顧不同需要，不該因為怕吵排除同學。","AI 的保證不能代替同學實際的感受。","答對！和同學一起調整，讓喜歡安靜的人也能參加。","13、17、18","135–141、172–177、181–185","教材改編＋倫理延伸","6","依同學感受調整 AI 的活動建議。"
"初階","13","個資守護","初階最終守護戰","最終綜合挑戰","V3F13Q13","13","AI 記步遊戲一直要開定位，但只需要走了幾步。你會怎麼做？","請老師確認，改用不必定位的記步","為了記步，把全天行蹤都交出","把同學的定位一起打開","只要遊戲好玩就給所有權限","A","請老師確認，改用不必定位的記步","使用工具時，權限也要符合用途。記步不等於追蹤全天位置，先請老師確認較少資料的做法。","知道走了幾步，等於需要知道你每一刻在哪裡嗎？","答對！先確認權限與用途，能不用定位就不必提供行蹤。","步數和完整行蹤不同，不必為記步交出全天位置。","同學的行蹤不屬於你，不能替他提供。","有趣不代表每個權限都需要，應先比較用途。","7、9、14、17","65、79–84、149、173","倫理延伸","1","把裝置權限和任務目的分開判斷。"
"初階","13","答案查證","初階最終守護戰","最終綜合挑戰","V3F13Q14","14","班上 3 人選香草、2 人選巧克力，AI 卻寫「大家都選巧克力」。怎麼辦？","大家都改選巧克力就好","對照投票數，修正成實際結果","只把「大家」改成「全班」","說 AI 比投票紙更了解大家","B","對照投票數，修正成實際結果","AI 摘要可能漏掉不同意見。對照原始票數，保留實際選擇，才不會把少數意見寫成全部。","把摘要和原本的兩組票數一起看。","不能為了配合 AI 的摘要，改掉同學原本的選擇。","答對！摘要應保留兩種選擇和實際人數。","全班和大家一樣，仍然沒有說對投票結果。","AI 的摘要不能取代實際留下的投票資料。","2、3、4、10","24–30、39、99","教材改編＋倫理延伸","2","核對摘要有沒有遺漏投票中的不同意見。"
"初階","13","人與 AI 合作","初階最終守護戰","最終綜合挑戰","V3F13Q15","15","AI 幫你列好收攤清單，小羽卻說「AI 會把桌子搬回去」。怎麼辦？","離開教室，讓文字自己搬桌子","把桌子照片傳給 AI 就會搬","看清單分工，請老師帶大家收拾","清單寫了，就表示已經收好了","C","看清單分工，請老師帶大家收拾","文字助手能協助列計畫，實際動作由人完成。分工後還要確認清單上的工作真的做好。","寫出「搬桌子」，跟真的搬好桌子一樣嗎？","畫面上的清單不會替你完成搬桌子的實際動作。","上傳照片不會讓文字助手具有搬運能力。","答對！AI 可以列清單，實際收拾需要大家安全分工。","列出任務和完成任務不同，需要確認實際工作。","13、17、18","135–141、172–177、181–185","教材改編＋倫理延伸","6","分清 AI 的文字規劃與人執行實際工作的責任。"
"進階","14","個資守護","進階最終守護戰","最終綜合挑戰","V3F14Q01","1","AI 問答活動想把每人的錯題、真名和名次公布給全校。哪個調整較好？","先公布，再問同學喜不喜歡","只隱藏姓名，保留可認人的照片","取消公開排名，個別查看學習回饋","再加家長電話方便追問成績","C","取消公開排名，個別查看學習回饋","學習資料可能讓人被貼標籤。先確認用途與查看對象，讓學生個別取得回饋，不公開不必要的個人排名。","為了幫大家學習，需要讓全校看見誰答錯嗎？","公開之後難以收回，應先確認目的、同意與查看對象。","照片仍可能認出本人，不能當成已經匿名。","答對！活動重點是學習，不必把每個人的錯題公開給全校。","家長電話不屬於公開學習排名需要的資料。","7、9、14、17","65、79–84、149、173","倫理延伸","1","判斷學習紀錄的公開範圍與必要性。"
"進階","14","答案查證","進階最終守護戰","最終綜合挑戰","V3F14Q02","2","AI 把 8 人點心材料改成 24 人份，麵粉加 3 倍，水卻沒變。先做什麼？","核對所有材料的倍數，再請老師確認","麵粉對了，其餘一定也對","請 AI 把食譜標成保證成功","直接做完，失敗再找人負責","A","核對所有材料的倍數，再請老師確認","AI 的換算可能只改了部分資料。逐項核對數量與單位，再由老師確認實作安排，才能發現漏改的材料。","8 人變 24 人，除了麵粉，還有哪些量需要核對？","答對！人數變成三倍，要逐項檢查材料換算，不能只看麵粉。","只算對一項不代表全部材料都已正確換算。","保證成功的標題不能修正材料比例。","可以先核對資料，避免把可發現的比例錯誤帶進實作。","2、3、4、10","24–30、39、99","教材改編＋倫理延伸","2","核對 AI 變更規模時是否完整處理各項條件。"
"進階","14","情境分類","進階最終守護戰","最終綜合挑戰","V3F14Q03","3","圖書館要按內容排書，AI 卻只按封面顏色分組。怎樣修正較合適？","保留顏色分組，書名都改成同一個","只要求 AI 分得更快","把所有書都放入同一類","說清內容類別，用書目核對再分","D","說清內容類別，用書目核對再分","同一批書可以有不同分類方式。先明確定義任務，再選符合內容的資料和標準，核對 AI 的分組。","這次要找的是內容相近的書，還是顏色相近的書？","改掉書名不能讓顏色分類變成內容分類。","速度不能解決分類標準不符合任務的問題。","放在同一類無法幫讀者按內容找書。","答對！把內容分類標準說清楚，並用書目資料覆核結果。","8、13","71–73、136","教材改編＋倫理延伸","3","依任務定義分類標準並覆核工具輸出。"
"進階","14","深偽查證","進階最終守護戰","最終綜合挑戰","V3F14Q04","4","AI 合成的防災演練片被刪掉「演練」標示，群組說校內正在失火。怎麼辦？","畫面有火，就立即轉傳說正在失火","先找老師查原片與現況，不擴散驚慌說法","影片有很多人留言，就當作證據","只改群組標題，不處理錯誤訊息","B","先找老師查原片與現況，不擴散驚慌說法","合成畫面脫離演練背景會誤導觀眾。先核對原片標示與實際現況，請老師協助澄清，不繼續散播恐慌。","演練片拍的內容，和現在發生的事一樣嗎？","合成演練畫面不能直接證明現在有事故，轉傳可能造成恐慌。","答對！核對原片的演練說明和目前情況，再處理錯誤說法。","留言數不能證明事故正在發生。","錯誤說法仍可能被當成事實，需要請老師協助澄清。","3","27–30","倫理延伸","4","辨認合成演練被移除背景後造成的誤導。"
"進階","14","AI 與我的作業","進階最終守護戰","最終綜合挑戰","V3F14Q05","5","你要研究今天操場的氣溫，AI 建議用網路的示範數字冒充實測。怎麼辦？","示範數字整齊，直接當成今天實測","先把示範數字改一點，就算實測","自己測量，未量到的時段註明缺資料","請 AI 保證老師看不出來","C","自己測量，未量到的時段註明缺資料","AI 或網路的示範資料可以幫助練習，不能冒充自己的實測。保留真實資料，缺漏的部分清楚註明。","示範資料可以學方法，但能代表今天真的量過嗎？","示範資料不是今天量到的數據，不能冒充。","修改別人的示範數字，仍然不是自己的測量。","答對！使用真實測量，沒有量到就清楚說明，不能填假的數字。","隱瞞資料來源不會讓假的測量變成真實研究。","13","135–141","教材改編＋倫理延伸","5","區分示範資料與實際研究數據，誠實記錄缺漏。"
"進階","14","人與 AI 合作","進階最終守護戰","最終綜合挑戰","V3F14Q06","6","AI 配送車走最短路，但那段地板正在清洗。哪個安排較完整？","保留最短路，請同學自己閃車","把警示牌拿掉，路就能用","讓車加速，快速穿過就沒問題","確認繞行路與送達時間，請老師安排","D","確認繞行路與送達時間，請老師安排","規劃不只找最短路。應考慮現場障礙、人員安全和送達需求，保留能繞行或改由人協助的方案。","除了路程長短，送餐時還要考慮什麼現場條件？","不能把避險責任全交給同學，規劃應考慮現場通行。","移除警示牌不會讓地板變得可安全通行。","速度增加不能消除濕滑與人員通行風險。","答對！同時核對通行條件與送達需求，再由老師安排。","13、17、18","135–141、172–177、181–185","教材改編＋倫理延伸","6","在 AI 規劃中同時處理安全條件與任務目標。"
"進階","14","個資守護","進階最終守護戰","最終綜合挑戰","V3F14Q07","7","配音工具條款寫錄音可公開和訓練 AI，家長只同意班內播放。怎麼辦？","先不錄製，請老師確認符合原同意的工具","家長同意過錄音，所有用途都可以","按同意條款，之後再刪手機錄音","借同學帳號上傳就沒有問題","A","先不錄製，請老師確認符合原同意的工具","同意需要對應具體用途。若工具條款超出原本授權，先停止提供錄音，請老師選擇符合範圍的做法。","班內播放、公開分享和訓練工具，是同一種用途嗎？","答對！工具用途超出原同意範圍，應先確認再選擇合適方式。","同意班內播放不等於同意公開或用來訓練 AI。","刪除手機檔案不能保證工具沒有按條款使用資料。","換帳號不會改變錄音的同意範圍與工具條款。","7、9、14、17","65、79–84、149、173","倫理延伸","1","比較工具資料用途與既有同意範圍。"
"進階","14","答案查證","進階最終守護戰","最終綜合挑戰","V3F14Q08","8","AI 說「九成學生喜歡游泳」，但資料只問游泳社。這能代表全校嗎？","能，九成看起來很高","能，把「游泳社」三字刪掉就好","不能直接代表，註明只調查游泳社","能，請另一個 AI 重說一次就行","C","不能直接代表，註明只調查游泳社","查證不只看數字，也要看數字來自誰。游泳社的調查只能說明這次受訪者，不能直接推論全校。","被詢問的人，是全校學生，還是只有一個社團？","比例高不代表問過的人足以代表全校。","刪掉受訪範圍會隱藏限制，不能讓資料更有代表性。","答對！要保留資料範圍，不能把社團結果說成全校結果。","重複同一句話不會增加調查對象的代表性。","2、3、4、10","24–30、39、99","教材改編＋倫理延伸","2","核對 AI 統計說法的受訪範圍與代表性。"
"進階","14","情境分類","進階最終守護戰","最終綜合挑戰","V3F14Q09","9","AI 只在白天試過辨識入場券，晚上的舞台燈變了。正式使用前要做什麼？","白天試過就不用再管","在舞台光線測試，備好人工驗票","辨識失敗的觀眾都不能入場","把辨識失敗紀錄全部刪掉","B","在舞台光線測試，備好人工驗票","AI 的表現會受使用條件影響。在實際光線下測試並保留人工驗票，才能照顧辨識失敗的觀眾。","測試時的光線，和真正入場時的光線一樣嗎？","光線改變可能影響辨識，原測試不足以代表新情境。","答對！在實際條件下檢查結果，失敗時仍有人工流程。","不能把工具失敗直接當成觀眾沒有資格。","刪掉錯誤不會改善工具，也會失去發現問題的線索。","8、13","71–73、136","教材改編＋倫理延伸","3","在新使用條件下驗證辨識，安排人工替代流程。"
"進階","14","深偽查證","進階最終守護戰","最終綜合挑戰","V3F14Q10","10","短片把同學說「我不答應」剪成「我答應」，還說是原音就不會誤導。怎麼看？","原音也可能被剪接，核對完整發言","聲音是真的，剪掉字也不影響意思","只要找不到 AI 標示就相信","讓 AI 模仿一次，就知道原話","A","原音也可能被剪接，核對完整發言","查合成與剪接媒體時，重點是完整來源和背景。真實聲音也可能被剪出相反意思，不能只聽一小段。","少了「不」這個字，句子的意思有改變嗎？","答對！即使沒有 AI 合成，剪去一個字也可能把意思反過來。","少了「不」字會改變原本的意思，需要看完整發言。","沒有合成標示，不能保證內容沒有經過誤導剪輯。","模仿的新聲音不是原始證據，不能用來重建本人原話。","3","27–30","倫理延伸","4","不以真假聲音二分取代完整脈絡查證。"
"進階","14","AI 與我的作業","進階最終守護戰","最終綜合挑戰","V3F14Q11","11","你寫「應保留安靜閱讀區」，AI 潤稿改成「全部改成遊戲區」。你怎麼決定？","句子漂亮，自己的想法可以刪掉","把全文都交給 AI 選立場","兩種相反立場直接一起交","比較改動理由，保留能自己說明的主張","D","比較改動理由，保留能自己說明的主張","使用 AI 修文時，要檢查它是否改變原意。理解建議，自己決定內容，保留能說明理由的主張。","潤稿幫你表達，還是偷偷改掉你的想法？","潤稿應幫忙表達，不應未經理解就換掉你的立場。","作業要保留自己的思考，不能只讓工具替你決定。","需要理解差異並整理自己的主張，不能任意並列。","答對！檢查潤稿是否改變原意，由自己決定並說清楚理由。","13","135–141","教材改編＋倫理延伸","5","評估 AI 編修是否改變原意，保留學習者的判斷。"
"進階","14","人與 AI 合作","進階最終守護戰","最終綜合挑戰","V3F14Q12","12","戲劇字幕由 AI 產生，常把人名聽錯，有同學靠字幕看表演。怎樣準備？","只用未檢查字幕，錯字是觀眾的事","核對劇本與字幕，另備正確紙本","取消字幕，要求大家只聽聲音","把人名全部改成「某人」就完成","B","核對劇本與字幕，另備正確紙本","AI 可以協助製作字幕，但人要核對劇本與用字。保留正確紙本，讓依賴文字的人在工具失敗時仍能參與。","需要字幕的人，應該拿到正確內容和什麼替代方式？","字幕錯誤會影響理解，不能把責任交給依賴字幕的人。","答對！確認字幕內容並備好紙本，工具出問題時仍能理解表演。","只聽聲音可能排除需要文字輔助的觀眾。","任意改名可能仍讓劇情不清楚，應核對內容與需要。","13、17、18","135–141、172–177、181–185","教材改編＋倫理延伸","6","檢查無障礙輔助內容並安排可用的替代方式。"
"進階","14","個資守護","進階最終守護戰","最終綜合挑戰","V3F14Q13","13","AI 只要幫忙分戲服尺寸，你想上傳學生證，背面有生日和條碼。哪個做法較好？","只遮生日，整張學生證照樣上傳","照片縮小，私人資料就一定讀不到","用代號與尺寸表，不傳學生證","把生日換成別人的再上傳","C","用代號與尺寸表，不傳學生證","照片可能含有看似不起眼的身分資訊。先把任務轉成代號與尺寸，避免提供完整證件與不必要欄位。","分戲服需要尺寸，真的需要學生證上的其他資訊嗎？","條碼、姓名等身分資料仍可能被讀取，不必使用整張學生證。","縮小不能保證內容不會被讀取，也沒有解決資料必要性。","答對！分戲服需要尺寸，不需要完整身分證明資料。","替換成別人的資料仍不符合用途，也會影響他人的隱私。","7、9、14、17","65、79–84、149、173","倫理延伸","1","辨識影像中的附帶個資並改用目的所需的欄位。"
"進階","14","答案查證","進階最終守護戰","最終綜合挑戰","V3F14Q14","14","維修紀錄寫「可能週五修好」，AI 導覽稿卻寫「週五一定可用」。怎樣修正？","保留可能，確認完成後再更新導覽","稿子要有信心，所以保留一定","請 AI 刪掉原本的維修紀錄","把「一定」改成「百分之百」","A","保留可能，確認完成後再更新導覽","AI 整理資料不能提高原資料的確定程度。保留預估與待確認說明，等實際完成後再更新資訊。","原文說的是預估，還是已經確認的結果？","答對！原資料仍有不確定性，不能把預估改成保證。","語氣有信心不會讓尚未確定的維修變成已完成。","刪掉原資料不能改變工程進度，也會失去核對線索。","百分之百同樣是保證，仍然超出原資料能支持的說法。","2、3、4、10","24–30、39、99","教材改編＋倫理延伸","2","保留原來源的不確定性，不把預估改成保證。"
"進階","14","人與 AI 合作","進階最終守護戰","最終綜合挑戰","V3F14Q15","15","園遊會 AI 計畫要蒐集訪客姓名，材料費也超過預算。哪個修改最完整？","只刪姓名，超支留給別人想辦法","只減材料費，照樣要求每人留姓名","讓 AI 保證不超支，就直接執行","改用匿名人次，重算材料後請老師確認","D","改用匿名人次，重算材料後請老師確認","AI 提供計畫後，人要檢查每個條件。用必要的匿名人次、核對材料預算，再請老師確認實際可行性。","完整方案要一起處理哪些還沒解決的問題？","少蒐集資料是一步，但材料費仍超過預算，需要一起處理。","預算改善了，訪客姓名是否必要仍需檢查。","口頭保證不能代替實際計算，也沒解決個資需求。","答對！同時檢查資料用途與預算，再由人確認是否可執行。","13、17、18","135–141、172–177、181–185","教材改編＋倫理延伸","6","綜合檢查 AI 計畫的資料必要性、預算與人的覆核。"
